{
  "name": "angular-animate",
  "version": "1.5.8",
  "license": "MIT",
  "main": "./angular-animate.js",
  "ignore": [],
  "dependencies": {
    "angular": "1.5.8"
  },
  "homepage": "https://github.com/angular/bower-angular-animate",
  "_release": "1.5.8",
  "_resolution": {
    "type": "version",
    "tag": "v1.5.8",
    "commit": "688b68844cf95420e1793327f69d0c25589c23d1"
  },
  "_source": "https://github.com/angular/bower-angular-animate.git",
  "_target": "^1.4.8",
  "_originalSource": "angular-animate"
}